username,password
hannah.fox,juJUYav_Big
julia.branch,VxMEQBLtLhY
joshua.washington,W74A9Nl_9kc
sandra.spears,StkFy18FiDo
aaron.mendoza,qMbpjX2CufU
william.alexander,fvwvMzTcB9Y
bobby.chapman,R4Wi3YM7Q80
alison.torres,629zAxh-ZIU
kim.thompson,V-9drcqUwvc
jacob.thomas,-8OBgrzGsnI
christopher.miller,cvzALBWgr_M
kristina.gonzales,I33rQTk7BR4
lauren.brock,EMZxA-hKg8Q
john.mcfarland,rQoCHWgfWU0
morgan.garcia,50L0VAEFNnc
melissa.newton,fZdOljueN-w
bryan.cameron,LJlOT3XkF6s
jeff.schmitt,gMboojkP19o
jason.castro,O5Q31OywxeM
carly.fitzpatrick,L6g4iwxVf-4
mallory.hernandez,CbQSvq8IswY
william.moreno,0AfyIXh8QiI
corey.bolton,NuNQnZjXsqI
michael.graves,zoyDl00Qu5g
steven.horn,jrRliqd6_RY
maurice.wheeler,Fz3koHh8ULg
shelley.warren,kJqJovwLlgo
tamara.wise,_u3EXRwenP4
connie.benson,fUPawtc59os
jessica.rogers,zAvyoj-NAt0
janice.harris,6hqCKbudiQI
erika.johnson,_d8F6RfnYsk
michael.salas,1cdviyrkOQM
david.carter,ZxXe9k2GJxM
paul.wilcox,HtHTZXazmMM
christopher.morgan,braob9EOQT0
sandra.moore,YvuommT2eK4
jason.taylor,pjcBARbZ1Nc
sonya.pierce,hxG-zoPtXWY
christine.petty,aDd45yKmQmI
daniel.jackson,8kuoYlWjAzA
drew.anderson,XakWeyU_36s
brent.green,N_Ypr0aj3PM
michael.jordan,jGLXhG4BkDI
william.zimmerman,nrBk200pHbU
cynthia.fernandez,avXMr8mVn58
adrienne.martin,fwFF9hInPc8
jeffery.mendoza,pEXA2XH_XaA
william.collins,tG1qBw6a5LY
christopher.dominguez,Xbsr979GbGE
nicholas.smith,MdscWOR0iLg
gary.chavez,qPc6Tx8goec
nicole.burns,sIx-bzZvPrE
jason.vazquez,y-EP3d6Qqn4
travis.mcdonald,zmw-2ew2uOQ
ian.sanchez,gmANSlls78Q
crystal.smith,Fa0ex5NzESk
amber.griffin,9ZMjRZ9_x8o
jennifer.kelley,GuQzUm_2ROk
christopher.phillips,nIVuVXLDfiw
wanda.johnson,vYKQruwd-38
shane.rowe,grlWVo5Wm3w
scott.garcia,byPOy1W9Ss0
david.spencer,_W0vWAMmCro
alex.wilson,8veUR8QCDTc
courtney.jackson,kFJMHAupJfU
lisa.castillo,NZuvglmup9s
jacob.larson,eJTFyFCNQH8
brittney.mitchell,UfkPnB_oCLQ
michael.lowery,j0Ul2JdXQXk
patrick.johnson,vg-QTFA0kqk
cody.ellis,ynJDmqy3fE8
casey.perez,jrlc8xZJDio
kimberly.smith2148,pCroJLKcGe0
cynthia.burns,AeoZQQv5VeQ
rebekah.hanson,5lcLVKWx2Po
kathleen.clark,HQjWbdUNS6Q
felicia.coleman,EgtwKqs4lKw
benjamin.martin,3WmpBGXIJig
janet.horne,RuLXE_qRM5Y
shannon.ramos,beXWR3TmspM
willie.brown,HRFMZbSvE_g
thomas.gutierrez,EPzULicjYyY
jeffrey.park,q6IE1QPbDho
jasmine.simmons,V_jRCaWB0dU
morgan.nichols,-szQkQ46G1w
connie.diaz,0wP-15rBcgk
matthew.rogers,PY_WAZUnHJw
melissa.barnes,cMVWrUJil5s
thomas.smith,CJ7Uypd5EDc
kimberly.lara,rJJSKqb-ou0
melissa.deleon,jRgCsjE5xcY
dana.gonzalez,u24LE9eEk5E
jeremy.turner,z--dmnLmqZQ
michael.vargas,64s1uwwHBU4
justin.rodriguez,EBUQQuM8Zb0
william.tate,te0QafZa6Dc
gregory.ray,Mz6CxfsHO-Y
andrew.sanchez,_PDQrbiGvJI
grace.hunt,0IF8aMvlk_c
stephen.green,TF1OjgOAhq8
dylan.cohen,ty5cnSPnsjI
paula.bowers,86f46sRGsQE
adam.green,6v-oBdjini4
heather.andrews,lNnsDom9IYk
stacy.davis,q7WdFbN-MxQ
shawn.figueroa,PJMmVovrCpc
james.soto,D5DsmNezzQM
paul.mendez,P4mi45bbvqk
steven.townsend,bVZUhqkr5Jk
melissa.young,XjMNoW0Cfb8
jordan.schneider,M3FiAAB_Crc
harold.chambers,XyuAIbDS5-Q
victoria.davis,L0Y_p190g3E
kathryn.adams,EPycob_jads
lisa.joyce,W9HjH5NRuGg
sara.rogers,pSYsoLQqPNk
olivia.campbell,-kSm-MUJ678
sarah.koch,qT0Fj_fUT9o
christine.powell,u9Zfow9825M
diane.smith,Sdo7DfU28ZI
brad.lane,MLlExws5hB0
mckenzie.french,ZO_lgaDL8ns
courtney.bryan,sNBMRQE781o
rhonda.glover,jW3ubaYej6s
jose.allen,axlLZh77b7U
kevin.pitts,15Fo_BCNBxQ
emily.davidson,C3lK8JblD-4
lauren.griffith,35gh5v62Ap8
jillian.mendez,m1JBoZ596hc
richard.bradley,qfcq7R5uVJs
carrie.wright,JH4YzL5rHLI
brian.jenkins,A5gAK9DUzNs
jennifer.brown,0ksdvy3Xms0
lucas.fisher,zX7RRKKybN4
nicole.smith,QQOhb5ozbDI
veronica.smith,ghrvQSDzBsQ
kevin.hayes,KdEHVD5exl8
jacqueline.morgan,a15yEn5RNhg
william.conley,1PPOKqut6fE
andrea.harris,LlfU9wRRvVg
jimmy.bennett,-RxjHFiAltA
patricia.tyler,d1LmjghAIc8
angela.jones,BAY_51uB4ec
nicholas.smith8232,AhkhRXZxdOc
michael.oconnell,9cJPgJ5tfp8
kelsey.schroeder,ugiIEPvIysk
paul.powers,G1f5fxlporM
chelsea.snyder,YM5p7or7NGg
darryl.santos,YgzTkzk7_bs
kimberly.castillo,4iCMhyw1c0M
cameron.watson,if2dBDGHObk
timothy.jones,2D2r5ANwk9c
oscar.colon,7nzNpRMEDrk
barbara.lopez,hVWXi4yENsM
steven.brooks,1KI2S0KRw-o
tricia.yates,i6y3S3kTNIk
angela.king,QKJwAMveaGE
ryan.mccann,C5zIWc210c8
laura.hernandez,RMP3VmS9iEw
tammy.boone,qjqnvvwQS0Q
jesse.davidson,xbMxe7KJEfA
donna.white,lzD_y7TK1QY
natasha.maxwell,zUpBU7yhd6w
derek.arias,ieunff1bX44
alexandra.sexton,NpfuuHPqUkA
edward.davidson,HSsqEk5WU2c
brandon.thomas,Hf5mt5fkoIE
karen.santiago,q3Kl1L5SZo4
devin.kline,fAKxt1F-x6I
daniel.simpson,Sm3XSNAOchY
michael.cox,tXnkVOf9NgM
cynthia.brown,BRkFQdJ8G78
jessica.quinn,0cVZekB4X8w
justin.marshall,LDKL1pFOAxI
sean.andrews,duTRIHYyN-Y
zoe.lopez,eq21Yq1CbFc
sharon.thomas,UIjmIzYriWA
stephanie.williams,c7cHxgm1nx0
deborah.lawrence,38fodkpPygs
andrew.mccall,Oa7ckHHh4KI
kimberly.whitaker,4zFhxuHDQ8w
angela.burton,OzETaIEteAE
john.smith,CClHu0LTwow
melissa.delgado,erlhlksnmKI
james.hawkins,oPNC7LhGOQQ
philip.perry,E6awB8AisD4
michael.porter,rw-BPlBMdaY
christine.ward,xyp59j4Yst8
katherine.mills,upBatWv0dv0
leslie.evans,nzNq6-tDJ-8
carolyn.grant,k2j9f2ZGBAk
caleb.morris,wZDLP6Ib_RQ
wendy.mendoza,j7uolWFVx7w
sarah.jackson,9QheaRaTG7c
victoria.hale,_PoeBm36-S4
whitney.johnson,2PMy0CgUG6g
rick.lane,uEEcGqA2HkA
philip.morales,mABLAWr8aBc
vickie.mitchell,xXh15AB3XqA
gabriel.bradshaw,s3CwOXGw08s
david.hall,2lnoUqSjE6I
james.hicks,8ZUl0qKS4o0
michael.chen,BJcsI57AEZs
james.anderson1387,bMn27qWKWKM
sheila.french,do5ncWqeWqY
cody.armstrong,ltxACjW7NQE
amanda.patrick,gT_y_h5yTG0
sierra.holder,7aW3noJKwDI
theresa.white,PLUABuhQNvs
richard.smith,n5DfqApHxTE
lauren.martinez,hjk6BX-tLhM
nicholas.hale,llMB41RmvM0
jessica.ellis,IJPsb1bbQns
brandi.cox,znDAPjzSz4Q
alyssa.murphy,HLcTh9FSI24
kevin.gray,8pmYY6pWp10
donald.bell,X8783UZjRDA
mary.williams,EWifCfaKOeU
michelle.stafford,Jt0zXFSumWc
timothy.barron,CSe-cuN4y-s
monica.brewer,TGazO3kQaJE
eric.obrien,CqrsZPh5m2o
christopher.perez,2dk-O5v4Qp0
marcus.henderson,PwVV8yHVpyY
steve.williams,oL2ao_mmAB4
colin.thompson,9SX0EGiRJJM
chase.anderson,F6RQ59IehlA
jonathon.pham,9u8JZNDlMEU
jermaine.romero,r2ByvJKn6rI
ebony.collins,53BeB-G11yM
beverly.kerr,y_9gJBFBTDU
randall.jones,s5t62t3PMvA
christopher.ellis,su2MZPXbgNc
anthony.anderson,MwT335gGQxs
ryan.rodriguez,V89wYRpPo7k
mark.schneider,SI3ctbtupF8
elizabeth.anderson,Ts3dtNMSsRM
terri.jarvis,p5iE0TC3aO8
david.smith,K0nSzZ6Vldc
amanda.vargas,YzEGy9tAEj8
dominic.stone,CMmp4AtlwtI
julia.glenn,U07stDQ6RVE
christopher.reed,c18JuJ2TCWY
amanda.hernandez,6b1OvXxtImQ
rebecca.garcia,gqDLuLMEZAY
desiree.hart,ozJx3FANR2Q
justin.liu,BclXvaoQfzM
teresa.williams,Nb_XOkfHt-c
kristina.taylor,PovdExw9wP0
adam.rosales,LZ5UrruzJUI
joshua.lindsey,WdslEV81zfc
manuel.stein,8BWPxehk3Bk
lisa.buchanan,hQB6rHXFoQM
victoria.franco,PquKSDlggeg
john.gonzalez5170,p-ns7E0mgog
mary.flores,Suu0LwReo54
jessica.barr,tt4uYYkhigA
kristine.soto,tUO3QerBGGQ
erin.rodriguez,Ogp4wKKjXGE
zachary.bryant,VZvniUg7PkQ
stacey.cook,biNTzFPMqLE
brianna.chavez,JukCRXU2Iwg
christopher.walker,KJxwUI0JsaM
kathleen.gilbert,bCKARev189o
amy.kline,n7xV9Jf5YQU
marcus.lee,7f-lGHTU_D4
michael.mercado,wcmCj35MIIM
christopher.thornton,_-3XmXrbtZc
steven.mack,4eft6hUcAfc
joy.williams,qtHh-e_h-e4
thomas.hogan,TsyvCHUVDP8
tonya.pena,M5IADuZ_XIs
hannah.moss,A65NadPl1dE
jason.robinson,RZaJqCD9PFY
keith.hubbard,xUIT_i-LK2k
john.singh,6jvAmhpq-8c
james.simmons,t7oS4lSVaPs
heidi.adams,NkRX1lCandk
donna.lane,hVC-TZyT6QQ
derek.martin,1xDSi_pl8K0
shawn.mclaughlin,nq2BNCKgJuw
joshua.dyer,cRt4N4H_QZM
eric.robinson,4J0bcNYxpb4
gabriel.elliott,DyoqzM5AKFc
andrew.davis,VyYRxH7aFwA
nicole.hernandez,RiBhRiULmxE
joshua.dennis,tA_hVuR1Up4
tyler.wright,Nzbm7doI-iw
ashley.ford,a8B_UYojNZ8
rebecca.craig,icn8Ifz5f0A
richard.obrien,fwi_EoxjxWQ
mary.johnson,_XY_4F_RcGI
robert.anderson,5wP868bxFCg
ricky.cook,DECqfaFgMjU
walter.wiggins,VE3KFSPltcc
thomas.pace,LiMJpjL-VJ8
ana.kim,eg86ccUbzyI
ian.burns,xiQ7iVFmJVY
devin.scott,SxceCW3LuNc
richard.robinson,7wE2w6WRaBY
kristina.jones,1_h19easARo
christopher.cain,DNpiAaC8yAo
cynthia.vasquez,XNRgz3fYF0o
margaret.brown,IJPONsIHLe8
eric.quinn,vgV1udlPJL0
heidi.powell,_3dtOlUDRA0
jennifer.brooks,Y_ewEvuWqms
kimberly.garcia,UjQh_5jBxzM
matthew.fisher,ymYtSQBq9qU
melinda.campos,Vck52qW6MQI
jenna.johnson,PHidEZt4xt0
joshua.tucker,G9WMlQtxhBM
ronald.smith,TpeVwsxYH3w
edward.scott,G_zj58EmIXk
kevin.fischer,NSgmbccNkbY
robert.turner,QglpaxIJKFs
wendy.mullins,w_WSJpdyUqI
noah.cooke,nr1YvoOddkY
edward.collins,PLCvSbOUaZA
teresa.gill,MKUa9SCSoeE
amanda.lamb,5jAOk5ryI6Y
david.blanchard,rxrwyYHM-Ug
elizabeth.murphy,ALzrPo6D3BQ
sandra.newman,22uYd2W1z8Y
april.johnson,sYbkJHE2nTU
mary.williams6818,QQp3GEnLdoY
cameron.stevens,NeW3VfDwdB4
christopher.jackson,DJ86h-6rl1Y
catherine.morgan,CA2ifZn5TzI
dean.smith,XFqAmfhLC0U
scott.peterson,Qxz43fxllDo
aaron.evans,QLbCndsJ3GU
jason.payne,CP_nquoUEVg
autumn.keller,O1mfbjQpmM4
laura.mcneil,sPQ1C2_18BE
katie.butler,LIN-7xtzGB0
vincent.williams,0jQCiKf-QvI
samantha.tucker,eLjONJ_0tZg
eric.jackson,xA7B5oNx5tA
michael.velasquez,7lhtoedNK0A
anthony.jones,NHKqUB7FnRo
vanessa.scott,p32-fNusTxo
sheila.campbell,geq2kA7oih8
ashley.patel,Y93K9PEcTBU
jeffrey.jennings,hD5McL7whDA
patrick.young,TtMduVkGtes
cathy.owens,X52Xp7jIAd4
erin.rogers,PzWjueFyKsI
jeremy.daugherty,0_x4tnDYvbk
jamie.li,82YeoDoe5d0
patricia.pace,5_45twsBdv4
christopher.wilson,oAUaL-fTWw8
stacy.roberts,tDGErapriuc
samuel.steele,rT5NdoN8qyI
michael.reeves,sDlC-_sJb4A
daniel.smith,4yDTc4IoYFg
richard.baker,2F-F_v27U6Y
karen.johnson,7nzJQ3dIxoo
kevin.mccoy,4TU6bihceAM
timothy.clark,9k8Kt7kSjVE
christopher.salas,4W6cPft2aaw
christopher.harris,YwcXd7pzMMU
jennifer.noble,8nya-5dc8LY
chad.higgins,bAxaiBDh_gc
dennis.murphy,6nCUZy-2RvM
ashley.watson,77MXOfOSDDA
kristen.calderon,lby8lRUL88w
daniel.hopkins,DOCviIavdHg
christopher.price,gd_Gc2wifg8
mary.quinn,j5vNfKvN_sM
chris.nelson,wDXPZaoATyY
jason.brown,ciLUYnGE5uU
mary.johnson605,OhXibeOSi1Y
jennifer.parker,eMIdy0NmKPc
ashley.martinez,NWz2WUgs0Zo
melissa.ochoa,1wjFp_2kBeA
jacob.ortiz,Q4014c72RYM
abigail.ruiz,GVLUs7d3e6k
tanya.campos,XYi0IYKBuRw
kimberly.rivera,OR44UAD1L_U
brandon.morrison,a2z1vy9kabk
katherine.henry,2NnOQgl0XaM
karen.medina,wlqKT8V1ClE
angela.moore,5O30M2-ZoT4
michael.wong,V6wcPsireqQ
ashley.craig,sqmBoltMdf0
stephen.perez,6jQNRQiKWdU
heather.zimmerman,bmXodyJ3riU
mark.jones,zwhbd5GbwWM
jeanette.duncan,8exvJckjzWU
richard.zimmerman,tSioxkxsEw8
victor.allen,3Z2bxpLBXYM
trevor.sanchez,EWgIPDTYQwk
daniel.santana,0NOuDGwWa3c
nichole.thomas,ku100mJLtgU
clinton.scott,vSzWY4rPG1g
nicole.vasquez,C-5Zq28wRuE
megan.johnson,UE-aHeB3Nzg
carol.murphy,WlBUpWkN0ow
joseph.calhoun,MlgIDLHoX5U
brenda.hayes,yAI7GwOl4hg
john.hernandez,z3lFeQXEXpc
lisa.underwood,LdEOLNbHfcE
gregory.lester,ufOd8kOQW8k
janet.hawkins,c9Fdt47lO6s
claudia.rivera,DSwff6tyXKw
adrian.moon,dnbgLku5WPA
jamie.lee,890Zf6ArClk
anthony.austin,s8KN29GHN3s
susan.marks,z7ZOyNJXBZg
jose.garza,g05FDvN6PBw
james.lewis2694,gzZ4HGnM-sg
tyler.farmer,AqErmgUj1iE
taylor.hill,ENGcGrB2hSA
chelsea.wood,hKiek3WnfU8
david.bowers,-pXkC7PTncY
steven.lindsey,E19QfGlAsuA
michael.harris,uey1JMSyVAU
lisa.walker,-06QJCGuKzQ
doris.harris,DSv4ZXP7GYw
alexis.brooks,db-5XIV3ri8
hannah.rivera,ImQquTZE7kg
mariah.jackson,SORtin1cu7E
william.rush,y2OO1sgL7qE
andrew.king,c-RyXzaPkPY
damon.jackson,g36mekICx08
victoria.martinez,1FRTWtyJpXI
roger.whitney,79m7C6Kwsmg
edgar.delgado,nl58BAZRxTA
sean.wilcox,ziq7T-BSh2k
jacob.johnson,LQaN7s1YlQM
stanley.jackson,alaxLh9rBEs
dana.holland,qkD-YkqYWEo
tiffany.young,ZdDhJpIhtG0
sarah.clayton,3HCF3yVrce0
mark.norton,TOMzmLkJL8U
jason.castillo,JDF6RMK8BbQ
allison.santos,CVnDx8RmRko
victor.allen7010,V7alBtqe4aA
kristin.foster,U5yez2lAnOk
michelle.james,M5opEbsFJ4s
ian.gomez,wqkwGBBZdFw
beth.ramirez,DH03aGgI2cg
jennifer.ruiz,GQfOgAmFz1g
michael.castro,itQQ-O1Y9tk
amanda.walker,2hDaYGp_cR8
benjamin.daniels,sZWGO10aEhQ
steven.huff,S2on8HzwOlA
gina.george,84MBCa8Wc9s
justin.peterson,8ARJyGU3TA0
robert.sutton,xgig6ks7eoQ
erica.lewis,Bh1xoCafse4
leah.price,utD_Uvv437Q
jason.wilkerson,BiUna2NVJ90
tiffany.turner,RfpMRu37Uh0
trevor.weber,AInvim_F8GE
michael.hall,CyxgxZ_T9ps
jessica.johnson2989,QnJTruF7aiE
dalton.beck,7ItJsV4dNRw
melissa.blankenship,MvnzzMyzGik
jeffrey.maxwell,r5BQSwjqGHg
jeff.cunningham,21HqSOoyEwk
kevin.scott,a9iqkQeF3AM
douglas.mendoza,ZhaUENsPby8
willie.rodriguez,z387I8ycyjk
jade.nelson,5WlKGcvlf_I
lisa.weaver,-vkxo0M3N8U
katie.ramos,U0VK3DX1QPc
luke.hicks,0VYulUP935s
kathleen.gonzales,lBK9TgUJNK4
anna.sexton,-5VXdqUGkhc
jacob.briggs,eaFq6-m84Ic
ariel.jensen,u634fMTeQoA
emily.roberts,bTQQ5Rska_c
ashley.cordova,nNyEBd3MMW0
michael.hudson,e12Vfq6I4HU
timothy.montgomery,7GOlvAP7sSw
jason.hill,CVIJr-3dWIs
emily.choi,UnAelKqmw9k
brian.holt,DiOLE3lqJms
scott.serrano,e5alDguSlQQ
michele.bailey,pS4llc5Dz6M
thomas.hawkins,4XS7Em6cbTs
jose.davis,2gXRl_gpRU4
jessica.alvarez,6F3_dWiqAx8
lisa.hernandez,fmhTT4GsAB8
anthony.mccarthy,BSm5TsV1Jv4
lisa.garcia,q7GmbnVz-L0
veronica.wade,YtMtjJurFmo
james.chen,uja9taId3Lc
michael.willis,idAXt_Hd33Y
andres.patel,PAQMl4Cxl50
william.anderson,MR5x4BqCzkY
andrew.edwards,NH61ysdGXOU
kevin.perez,4ytEjy4Y220
jasmine.york,UM6VPHRHfE4
steven.romero,IBYNrJ5u6RY
joe.miranda,R-UfZ6rHGx4
kevin.bryant,u__iIdu4XrQ
